RMS,Peak,Crest_Factor,Kurtosis,Condition
0.29059315272139313,1.3829726946107785,4.759137239330298,5.4515637965072425,Faulty
0.2851002793586272,1.3829726946107785,4.850828970501075,5.6148459876253,Faulty
0.2812911555758503,1.4827078642714573,5.271078862170781,5.654982533528963,Faulty
0.2941322954354948,1.4827078642714573,5.040955676343352,5.808907506122243,Faulty
0.2921679307226113,1.203806746506986,4.120256263340203,5.31178663778478,Faulty
0.2837894029893241,1.203806746506986,4.241901684229809,5.093410265732594,Faulty
0.28835789138927287,1.2941206786427144,4.487897565098011,5.22402544744747,Faulty
0.290403934330929,1.2941206786427144,4.456278051550097,5.3899252861560925,Faulty
0.28744610006226,1.5645751696606787,5.443021037063283,5.9023940862002195,Faulty
0.28464858902629026,1.5645751696606787,5.496514755308251,5.594663348393563,Faulty
0.28856408592765065,1.5657122155688623,5.425873460779249,5.73974074977962,Faulty
0.2908231335058447,1.5657122155688623,5.383726516850132,6.112508444906158,Faulty
0.2863569212787089,1.3212473453093814,4.613987814261427,5.764923972182755,Faulty
0.2930689872968372,1.5558036726546904,5.308660213435966,5.801129237666181,Faulty
0.2925726968316533,1.5558036726546904,5.317665282860969,5.49341408909876,Faulty
0.291604197028165,1.3495110578842315,4.627886263769678,5.622229688077272,Faulty
0.2961409534625012,1.5845546906187624,5.3506773450008716,6.22294784260075,Faulty
0.2867786957468508,1.5845546906187624,5.525357057964662,6.032433529217011,Faulty
0.28928049669709527,1.4227693013972056,4.918303576085819,5.650749728775596,Faulty
0.28683214441179844,1.4227693013972056,4.960285411228415,5.409711738655427,Faulty
0.2836357002781384,1.5072355688622756,5.313983985035215,5.32995148644293,Faulty
0.2912992790141175,1.511134011976048,5.187565232191366,5.689569997519282,Faulty
0.29077175674944317,1.511134011976048,5.196976586959874,5.145671363383585,Faulty
0.2908864118224495,1.3893076646706586,4.7761174403658995,5.11356266182377,Faulty
0.2870243634661406,1.3893076646706586,4.8403823560244605,5.628166366254497,Faulty
0.28592280578588786,1.4927788423153694,5.220915618158948,5.4415155805126485,Faulty
0.28313808853047473,1.4927788423153694,5.272264321847672,5.094438634895461,Faulty
0.29010788305379565,1.3605566467065868,4.689829977678664,4.951221265167154,Faulty
0.2995090140537537,1.3608815169660677,4.543708045868118,5.068968862366448,Faulty
0.2916053319821846,1.3608815169660677,4.666860882534239,4.95284428168496,Faulty
0.29116185017103585,1.4284545309381238,4.906049779869902,5.044753765248599,Faulty
0.2922994736298347,1.4284545309381238,4.8869555363863055,5.0391086309686415,Faulty
0.2902623672707004,1.4373884630738523,4.952031765569304,5.0121100820738445,Faulty
0.2895145280674479,1.4373884630738523,4.9648232600575595,5.300085087413819,Faulty
0.28911526063020493,1.194385508982036,4.1311742118992605,4.959003911605558,Faulty
0.2898348631784793,1.3126382834331338,4.528917843209276,4.840627993081711,Faulty
0.28338380858156625,1.3126382834331338,4.632015816299955,5.117636873565886,Faulty
0.2917107826783826,1.3054911377245508,4.475292705117051,5.017272928284308,Faulty
0.2964521708969874,1.3054911377245508,4.403715897152897,5.016455947791254,Faulty
0.2927548856004929,1.224436007984032,4.182461397603984,4.973126359593788,Faulty
0.3020371821135348,1.5044741716566867,4.981089285527633,5.158202055453257,Faulty
0.2972848146875423,1.5044741716566867,5.060716516038489,5.635758902663476,Faulty
0.2892475933407112,1.4734490618762475,5.094075441936829,5.1476833696246596,Faulty
0.28886979607047053,1.3173489021956089,4.560355288492114,4.8635769220635385,Faulty
0.29120049629162176,1.3173489021956089,4.523855278310907,5.069356743636499,Faulty
0.29506929145897987,1.4872560479041916,5.0403620131068365,5.214135382332962,Faulty
0.28863505031296066,1.4872560479041916,5.152721564105234,5.003080418981205,Faulty
0.2973699323460955,1.2314207185628743,4.141039777786542,4.788740657749748,Faulty
0.2995573382371357,1.2314207185628743,4.110801377157573,4.9081704474555075,Faulty
0.29272113376846676,1.3729017165668662,4.6901352795824724,4.7812039066087495,Faulty
0.30313452005223523,1.3729017165668662,4.529018062114114,4.835069804467809,Faulty
0.30434851895970433,1.297369381237525,4.262775405223169,5.060458234773392,Faulty
0.2951272892136443,1.4076628343313373,4.769680357523029,5.195192054080016,Faulty
0.29441099705588547,1.4076628343313373,4.781284831096621,5.185666582723238,Faulty
0.29469672245017386,1.400028383233533,4.750742972617363,4.867276627676036,Faulty
0.2970792786619151,1.6389704590818364,5.516946407248527,5.438833819896118,Faulty
0.2921730993560784,1.6389704590818364,5.609587134113204,5.730439778067161,Faulty
0.28605394407260915,1.5653873453093812,5.472350155437949,5.577329509431063,Faulty
0.2833502217677997,1.5653873453093812,5.52456721418128,6.0343159996218905,Faulty
0.2820510977963974,1.4875809181636725,5.274153973467262,5.736126909178565,Faulty
0.290654660664644,1.4430736926147705,4.964908146715673,5.747053629497818,Faulty
0.29608719374339515,1.6258132135728545,5.490994706720988,6.341008886848925,Faulty
0.2957778033319975,1.6258132135728545,5.496738413963914,6.194639658809933,Faulty
0.29450029302701897,1.4585050299401197,4.952473951549885,5.409833663566218,Faulty
0.2907796731887986,1.285836487025948,4.42203016780707,4.948073370261852,Faulty
0.29075635487609447,1.2656945309381236,4.353110464180562,5.181647356613417,Faulty
0.28961954988216265,1.2656945309381236,4.370197148131388,5.503573904649763,Faulty
0.29124454367785035,1.601935249500998,5.500309908888528,5.733846043015818,Faulty
0.29439749385794206,1.601935249500998,5.441402467488369,5.5908393200201765,Faulty
0.28977650150886225,1.1844769660678645,4.087553545233341,5.096011858660375,Faulty
0.2943054596941177,1.7026450299401197,5.785298824254705,5.962627345370834,Faulty
0.29087632958934284,1.7026450299401197,5.853501494411395,6.301223322271003,Faulty
0.2849771677165285,1.3413893013972056,4.707006221394929,5.519944297122892,Faulty
0.290628224672533,1.6513155289421158,5.68188286186844,5.790023907393337,Faulty
0.2908042438115131,1.6513155289421158,5.678443709413085,5.742132924047992,Faulty
0.2942905324634348,1.3290442315369262,4.516095779268938,5.191026130431574,Faulty
0.29175094428207465,1.3290442315369262,4.555406786454002,5.058411594218894,Faulty
0.2880052559450834,1.6150924950099799,5.607857709784103,5.502008450678714,Faulty
0.2936402923244775,1.6150924950099799,5.500241408373464,5.678365925350088,Faulty
0.29473406752156966,1.262608263473054,4.283889792891525,5.398319904103317,Faulty
0.29758230926205803,1.6638230339321358,5.591135568703897,5.696944473257249,Faulty
0.2975329646937361,1.6638230339321358,5.592062834599799,5.605786354233322,Faulty
0.29022680847956706,1.3347294610778444,4.5989185770611325,5.575970718665739,Faulty
0.28739713055518684,1.4089623153692614,4.902492633268335,5.848385672668353,Faulty
0.2905824234584669,1.4089623153692614,4.848752717387413,5.242597886933514,Faulty
0.2970226434367516,1.200070738522954,4.040334180038697,4.851834003771714,Faulty
0.29679834519321596,1.200070738522954,4.043387565862967,5.00827793775882,Faulty
0.2923290940054816,1.5579153293413173,5.329320143933754,5.3873874071650345,Faulty
0.29358668942359856,1.5579153293413173,5.306491695519258,5.50141663626092,Faulty
0.2915992634104252,1.366241876247505,4.68534062901429,5.772948494644163,Faulty
0.2919272610979588,1.3969421157684632,4.785240372942446,5.691112604544416,Faulty
0.2896700951120509,1.5907272255489022,5.491513457519918,5.499681801123463,Faulty
0.2798661946655552,1.5907272255489022,5.683884855939275,5.756507586980174,Faulty
0.2821794018117314,1.3985664670658684,4.956302473130142,5.68092477611416,Faulty
0.2889741543170715,1.3985664670658684,4.839763162802848,5.394759797205733,Faulty
0.29308479215190814,1.178466866267465,4.020907593378835,5.061785488258305,Faulty
0.2873928664925394,1.178466866267465,4.100543206412737,5.045808235583273,Faulty
0.28734137459282577,1.3136128942115768,4.57161067066314,5.192315930242831,Faulty
0.2920789633356026,1.5332251896207585,5.249351655151769,5.840668761155589,Faulty
0.29100212774643586,1.5332251896207585,5.268776560138183,5.680363723827604,Faulty
0.2926738427656712,1.3020800000000001,4.44891141516363,5.270661964787207,Faulty
0.28580033838102004,1.3504856686626747,4.725276661017278,5.7254107413213315,Faulty
0.2879377389925005,1.3504856686626747,4.69020029603639,5.408204596913289,Faulty
0.297646816453058,1.4541192814371258,4.885384963176501,5.239359146041913,Faulty
0.2933612483314348,1.4541192814371258,4.956753114829555,5.308229770289692,Faulty
0.28247411114321924,1.3548714171656688,4.796444572149572,5.423549640868975,Faulty
0.28519109116262686,1.3763128542914171,4.825932144937132,5.536113072273581,Faulty
0.2923822381648615,1.3763128542914171,4.7072382471994585,5.214587481267126,Faulty
0.29202479608532483,1.401652734530938,4.79977301010219,5.3221111679011255,Faulty
0.2916829173932675,1.401652734530938,4.805398777060128,5.147748587896323,Faulty
0.2958156043616534,1.309876886227545,4.428018221196124,5.1282294059848885,Faulty
0.28958439255633744,1.309876886227545,4.523299321018186,5.201652689182509,Faulty
0.2853476573273009,1.242303872255489,4.353650153961262,5.013861866979048,Faulty
0.28993163423220014,1.322709261477046,4.562141916593054,5.336425124077265,Faulty
0.29411680871051493,1.322709261477046,4.497224307839288,4.978830563265365,Faulty
0.2933498283894749,1.3798864271457085,4.703893759616113,4.856813083683761,Faulty
0.2913349629441287,1.3798864271457085,4.736425773278502,5.217456811011598,Faulty
0.29452194865620623,1.4987889421157685,5.088887089584268,5.540980264790958,Faulty
0.28947174365712897,1.4987889421157685,5.177669237005189,5.621876172717368,Faulty
0.28764739009219625,1.4191957285429142,4.933803599219294,5.033335506986704,Faulty
0.29556103874932294,1.2647199201596808,4.279048163828995,4.879347519435282,Faulty
0.2947551345682892,1.2868110978043912,4.365695273431314,4.992742719116921,Faulty
0.2900204100460357,1.2868110978043912,4.436967376193049,4.908568456259865,Faulty
0.289080937663678,1.4380382035928145,4.974517570113372,5.275593950379257,Faulty
0.28982987099334223,1.4380382035928145,4.961663194563711,5.083305736203831,Faulty
0.29547718136810264,1.3425263473053892,4.543587227579794,4.650397850204477,Faulty
0.29824636087949885,1.5135705389221557,5.074900275258302,5.239530997398235,Faulty
0.30348851230022145,1.5135705389221557,4.987241617319864,5.07131105531192,Faulty
0.30127591548682187,1.3555211576846307,4.499268238864326,4.6346296205152555,Faulty
0.29340314718795235,1.4511954491017964,4.946080037008495,5.156936990625667,Faulty
0.29938507562153177,1.4511954491017964,4.847253812131664,5.140641539773737,Faulty
0.29417309976095746,1.297044510978044,4.4091200454154755,4.879134819823637,Faulty
0.28814466410757184,1.245390139720559,4.322100301866505,5.21631799624326,Faulty
0.290095176256616,1.4848195209580837,5.118387489644514,5.6655432990346135,Faulty
0.2886282155031826,1.4848195209580837,5.1444018332355705,5.1842646985050225,Faulty
0.28908943330737147,1.225085748502994,4.237739631252567,4.6652611181212515,Faulty
0.29046588952141067,1.3470745309381238,4.637634157861517,4.955010462034991,Faulty
0.29530710525595044,1.3577952495009982,4.597909177715725,5.160408312454107,Faulty
0.2963479146565029,1.447297005988024,4.883776582891049,5.387944165563266,Faulty
0.2905229639143454,1.447297005988024,4.981695720324295,5.543746631938344,Faulty
0.28933933347595947,1.3241711776447105,4.576533586833374,5.396782044488235,Faulty
0.2925547934332867,1.739030499001996,5.944289883592555,5.76257196864147,Faulty
0.29532469062607175,1.739030499001996,5.888537444381467,5.37519571123104,Faulty
0.29271712235626196,1.4851443912175648,5.073650558131738,4.978724069341648,Faulty
0.29225643203610296,1.4851443912175648,5.081648266458348,5.366026141546895,Faulty
0.29277271390311815,1.5996611576846307,5.463832801761631,5.792973063020547,Faulty
0.29109875209086183,1.5996611576846307,5.495252542976625,5.802451304666123,Faulty
0.29293775004390205,1.4031146506986028,4.789804832215447,5.096291171447373,Faulty
0.29243453533355723,1.5554788023952095,5.31906671221645,5.461326545180423,Faulty
0.2937928537381889,1.5554788023952095,5.29447460209962,5.82051540180065,Faulty
0.2960802389613363,1.4089623153692614,4.75871784051502,5.238881453504897,Faulty
0.2932987323029481,1.6963100598802394,5.783557421339693,5.691252273507162,Faulty
0.28798729932889866,1.6963100598802394,5.89022524199219,5.73606746749628,Faulty
0.284528172909925,1.4463223952095807,5.083230881560024,5.364644783636551,Faulty
0.2855324868973943,1.4463223952095807,5.065351445383217,5.675804636336549,Faulty
0.28619818677573783,1.5666868263473055,5.474132607188551,5.887675790693553,Faulty
0.2912334180003699,1.5666868263473055,5.379488511669755,6.2791914293507265,Faulty
0.2916302672445221,1.4970021556886228,5.133219435119322,5.9080853625839085,Faulty
0.2948067465499951,1.4031146506986028,4.759438741204839,5.561498834741961,Faulty
0.2992297600623522,1.3396025149700599,4.476835842433986,5.361240330471728,Faulty
0.2902177514328938,1.3802112974051897,4.755778344331676,5.42531165913896,Faulty
0.286459709065894,1.3802112974051897,4.818169025954366,5.388020577319756,Faulty
0.29735229966997556,1.3383030339321358,4.500732079144797,5.1361188067228145,Faulty
0.29898205681023016,1.4474594411177644,4.841292004478033,5.602226728037792,Faulty
0.2935438620010864,1.4474594411177644,4.930981800302155,5.692310180441741,Faulty
0.2870643354590158,1.4049014371257484,4.894029886643047,5.565347970451047,Faulty
0.2854890901673556,1.46792626746507,5.141794618507355,5.8035922373645,Faulty
0.28484452013550426,1.46792626746507,5.153429901922488,5.147341832019075,Faulty
0.283623183545776,1.5018752095808383,5.295318918590588,5.0547851715983025,Faulty
0.292758698443437,1.5018752095808383,5.130078858685085,5.776875106188404,Faulty
0.3028941484708555,1.3701403193612776,4.523495505866838,5.675600420583886,Faulty
0.2979976152332787,1.3992162075848302,4.695393976523922,5.528684716561168,Faulty
0.28562523472953805,1.3992162075848302,4.898783571800877,5.591073961339614,Faulty
0.2835267716303697,1.275440638722555,4.498483975211099,5.511359970831375,Faulty
0.2848643640885814,1.275440638722555,4.477361156785284,5.2333390212173665,Faulty
0.2830939355149116,1.462078602794411,5.164641199872676,5.533103710060187,Faulty
0.28191718770489615,1.462078602794411,5.186198878817131,5.954499901840734,Faulty
0.28582830433041323,1.5481692215568863,5.416430766657825,5.906651534854927,Faulty
0.28910299376094273,1.5481692215568863,5.35507848402655,6.050597100795083,Faulty
0.2932954079600476,1.4092871856287426,4.805009377510316,5.7434078974705205,Faulty
0.29933710155189364,1.3681910978043912,4.570736773727994,5.534042165478478,Faulty
0.29688792600292974,1.4869311776447105,5.008392216091797,5.6649124344095245,Faulty
0.2944306336050429,1.4869311776447105,5.050191820866438,5.496261811442632,Faulty
0.29655587363277636,1.3241711776447105,4.4651659109757675,5.467391509919235,Faulty
0.2938524680199273,1.3241711776447105,4.5062448737198055,5.614268666247051,Faulty
0.2894006242342346,1.608432654690619,5.557806445464983,6.046884530358439,Faulty
0.2904209706164088,1.608432654690619,5.538280005320464,6.364776155639682,Faulty
0.2885788652785617,1.3798864271457085,4.781661421440966,5.8756716266741,Faulty
0.2848142359376762,1.4723120159680638,5.169376492438528,5.6707605636638565,Faulty
0.2919767106276086,1.4723120159680638,5.042566623904029,5.46278559471707,Faulty
0.29814551748120566,1.4234190419161679,4.774242638096669,5.472895110546764,Faulty
0.28815801206708375,1.4234190419161679,4.939717038250504,5.2459587431357395,Faulty
0.2893352923902456,1.185938882235529,4.098839351529834,4.926219951082576,Faulty
0.3002147197232416,1.344638003992016,4.478920971068957,5.126830888111728,Faulty
0.29786132241692576,1.344638003992016,4.514308850445122,5.102733077445499,Faulty
0.29155246521835293,1.4373884630738523,4.930119393767932,5.271987009054502,Faulty
0.2918065519008255,1.4373884630738523,4.925826557733935,5.666870727194826,Faulty
0.29264491155361777,1.4001908183632734,4.784606747234467,5.817661740544984,Faulty
0.286849967644119,1.3896325349301397,4.844457701505443,5.746553553933347,Faulty
0.2934124776362961,1.3636429141716566,4.647528711652069,5.484274673764011,Faulty
0.2990832740286804,1.340252255489022,4.481200962647277,5.344487670243123,Faulty
0.07495645094570169,0.21779446153846155,2.905613310003584,2.721477863553848,Healthy
0.07271611154499327,0.27286892307692306,3.752523578053053,3.0505244933808093,Healthy
0.07170303833483202,0.27286892307692306,3.805541988370224,3.0278539981568087,Healthy
0.07524282120611339,0.21237046153846154,2.822468085782072,2.7582775689861756,Healthy
0.08282371097832185,0.22676492307692306,2.737922756640018,2.8671274453236366,Healthy
0.08098853898858067,0.22676492307692306,2.799963129460784,2.858367225363671,Healthy
0.07378359357360731,0.21654276923076923,2.934836306322541,2.773512306950272,Healthy
0.07310812380338862,0.18858830769230767,2.579580734413081,2.696640764659748,Healthy
0.07295311940494519,0.21925476923076925,3.0054200700279705,2.8217358220128856,Healthy
0.07285603271839705,0.2492953846153846,3.4217534954031943,3.0292711224500035,Healthy
0.07425767471815116,0.2492953846153846,3.357166590007001,2.777913348100648,Healthy
0.07430903402330012,0.24741784615384615,3.3295796319498185,2.843977075027066,Healthy
0.07439966447114645,0.24741784615384615,3.3255236822983165,2.9699729418368523,Healthy
0.07376898453965162,0.2207150769230769,2.9919766186348977,2.995047409724947,Healthy
0.07195604166469362,0.2207150769230769,3.0673599021967086,2.9048493409914578,Healthy
0.0700818604825991,0.22467876923076924,3.205947554525263,2.7294362288390097,Healthy
0.07212248661219435,0.22467876923076924,3.1152388080970703,2.817375767418193,Healthy
0.07272628528324299,0.208824,2.8713689855972278,2.803646379738914,Healthy
0.07117955572864873,0.208824,2.933763745254052,2.864556051786054,Healthy
0.07291214386806004,0.20548615384615385,2.8182706329139955,2.828095462027021,Healthy
0.0720343981559829,0.20548615384615385,2.8526115176418245,2.822662560207421,Healthy
0.07191509889303024,0.19046584615384615,2.6484820167897376,2.602553173079246,Healthy
0.07247856534245714,0.23677846153846152,3.2668756675811204,2.8785492360284346,Healthy
0.07278231807185657,0.23677846153846152,3.25324155387157,2.956518842659228,Healthy
0.07405322123821952,0.19818461538461538,2.6762457064100076,2.642064823317054,Healthy
0.07072701099285834,0.21967199999999998,3.105913807416255,2.8166412410938912,Healthy
0.07175620869969264,0.21967199999999998,3.061365754695188,2.648265826441738,Healthy
0.0727744224265121,0.1940123076923077,2.665940878998004,2.641034547450478,Healthy
0.07330301155756347,0.206112,2.811780793455452,2.715132283363234,Healthy
0.07636025292845432,0.21049292307692305,2.7565770804104623,2.5765798768018597,Healthy
0.07533256895912013,0.2482523076923077,3.295418052542771,2.724196596318417,Healthy
0.07285212521340624,0.2482523076923077,3.4076192968304007,2.7683923583935512,Healthy
0.07117849440301308,0.19463815384615382,2.7345078802048186,2.615783050953038,Healthy
0.07318940411965585,0.23823876923076923,3.2550991785816095,2.9334257204332586,Healthy
0.07582584396451286,0.23823876923076923,3.1419204426167284,2.929502420812663,Healthy
0.07381305084650117,0.21967199999999998,2.976059077368602,2.725774301971407,Healthy
0.07346018754219484,0.21716861538461538,2.956276353907697,2.691009071712571,Healthy
0.0748293180110988,0.21716861538461538,2.9021862173380306,2.6161386869471497,Healthy
0.07380766610285981,0.20861538461538462,2.8264731244130403,2.6138228617646333,Healthy
0.07184515313526106,0.20861538461538462,2.9036807009462375,2.7687889863637585,Healthy
0.07370993935672174,0.20632061538461538,2.799088117358499,2.6262308633380487,Healthy
0.07371675749550842,0.21842030769230766,2.9629668356698415,2.8333343514357545,Healthy
0.0729205985441164,0.21842030769230766,2.9953169893437597,2.858434125230166,Healthy
0.0727642145484413,0.2073636923076923,2.8498032115724157,2.6827857476458505,Healthy
0.0764497199654439,0.2073636923076923,2.7124192528294797,2.5225277928560215,Healthy
0.07854199145977404,0.2090326153846154,2.6614122140215053,2.474060132197597,Healthy
0.07494293968581507,0.2090326153846154,2.789223591454344,2.6963153001511975,Healthy
0.07234554577444371,0.28663753846153844,3.962062009390411,3.130020335358071,Healthy
0.0720572046466568,0.28663753846153844,3.9779164327440704,3.2252610322808932,Healthy
0.07134171593978945,0.23156307692307693,3.245829930955265,2.7151474989099134,Healthy
0.06929280432492473,0.21696000000000001,3.1310610403735555,2.6468183679852673,Healthy
0.07070072643405746,0.20527753846153846,2.9034714184019133,2.6812146781945083,Healthy
0.0752239206062483,0.2207150769230769,2.934107596948938,2.614986942784535,Healthy
0.0735811372329177,0.2207150769230769,2.9996149179430796,2.6446349318827242,Healthy
0.07262681781609535,0.22029784615384615,3.033285124947666,2.6945657185234086,Healthy
0.07254277496343126,0.20861538461538462,2.8757568857897624,2.7193827750490196,Healthy
0.07066649493261333,0.19568123076923075,2.769080749736206,2.715933062516089,Healthy
0.07328476002458376,0.22780799999999998,3.108531704594251,2.679413456783549,Healthy
0.07375910729483917,0.22780799999999998,3.088540633895923,2.7016787877249966,Healthy
0.07253024415311052,0.21320492307692307,2.939531302650104,2.7548483244096302,Healthy
0.07182785909247388,0.23093723076923076,3.2151484631041765,2.9155204629383693,Healthy
0.0707116140425378,0.23093723076923076,3.2659024107455172,2.852764990348389,Healthy
0.07363122802626035,0.24011630769230768,3.2610661824989657,2.756620178347546,Healthy
0.07578066025745993,0.24011630769230768,3.1685697495446457,2.63875613300383,Healthy
0.0722482291955422,0.2021483076923077,2.7979690290427284,2.6373211887422996,Healthy
0.07174354455099326,0.225096,3.13750876693872,2.895997628418609,Healthy
0.07333778528094076,0.225096,3.0693045765931877,2.711019616568568,Healthy
0.07036971947633602,0.22947692307692308,3.2610180171897905,2.6004045199430514,Healthy
0.07269252918137685,0.2526332307692308,3.475367188543951,2.904379145684532,Healthy
0.07404719936902551,0.2526332307692308,3.411786440567381,2.8533461911605027,Healthy
0.07546923852971271,0.24866953846153847,3.2949787662642933,2.792985797388712,Healthy
0.07501007107369298,0.24866953846153847,3.315148684731085,3.0771094903736866,Healthy
0.06968922681328762,0.23156307692307693,3.322795897039926,2.9899671531625276,Healthy
0.07199163250705931,0.2221753846153846,3.08612788567614,2.805957406084685,Healthy
0.07311548218319391,0.22467876923076924,3.072930144505197,2.937823510322124,Healthy
0.07357701537308618,0.22467876923076924,3.0536542980371384,2.704359438276429,Healthy
0.0777070902152268,0.25367630769230765,3.264519453626375,2.9066026134696963,Healthy
0.07544009984876084,0.25367630769230765,3.3626189281412318,3.04235330497694,Healthy
0.07323108004999973,0.19004861538461537,2.595190665696266,2.703207460063229,Healthy
0.07459006610713008,0.19526400000000002,2.617828488307704,2.6362191318558903,Healthy
0.07645074345500634,0.2436627692307692,3.187186392427595,2.722436121786729,Healthy
0.07467849017522782,0.2436627692307692,3.262823989331221,2.806973694657684,Healthy
0.07394205522387387,0.31125415384615385,4.209433358374631,3.1098528771502947,Healthy
0.07555899765756151,0.31125415384615385,4.11935260518911,3.032677364870142,Healthy
0.07451887398434648,0.2330233846153846,3.1270384555774924,2.867884642653949,Healthy
0.07261439016053084,0.2330233846153846,3.209052421981824,2.9750185237574236,Healthy
0.06963799832270041,0.2526332307692308,3.6278071865095245,2.9087347774380237,Healthy
0.07199064436202886,0.2526332307692308,3.5092508618033853,3.0087949979434447,Healthy
0.07378665378710586,0.22864246153846152,3.0986967127978984,2.8460128767269115,Healthy
0.07258507549086245,0.22864246153846152,3.149992749780149,2.743425394522819,Healthy
0.07131562310585646,0.20402584615384614,2.8608856975280568,2.696791710347163,Healthy
0.07086514513480212,0.20527753846153846,2.896734890912203,2.679922906108929,Healthy
0.0709693901333634,0.20527753846153846,2.8924799561583874,2.6685861919285045,Healthy
0.06812674018178508,0.20360861538461536,2.9886739750253577,2.5963288380258285,Healthy
0.07463924390554845,0.27140861538461536,3.636272303723587,2.9704181163867998,Healthy
0.07452484873769984,0.27140861538461536,3.6418539585350147,3.003562925375809,Healthy
0.07174308049255305,0.25805723076923076,3.5969633447230795,2.8992980416214738,Healthy
0.07533632710966494,0.2601433846153846,3.4530935419336455,3.0043200339135683,Healthy
0.07442656188565219,0.2601433846153846,3.495302994313574,2.9982259775404945,Healthy
0.07230426629812911,0.23281476923076924,3.219931286914855,2.865554563816069,Healthy
0.07208132241114645,0.26452430769230767,3.6698037555898444,3.114878287434364,Healthy
0.07404811648006135,0.26452430769230767,3.5723299965845197,2.990933029539603,Healthy
0.0726383978177516,0.2125790769230769,2.9265386257063914,2.764094042548143,Healthy
0.07243121397109391,0.2330233846153846,3.217168011409837,2.9139570993460984,Healthy
0.0725697181866053,0.2330233846153846,3.211027828662498,2.742393589826505,Healthy
0.0694489391191635,0.2140393846153846,3.0819676632947055,2.6298967374476367,Healthy
0.0694926839914268,0.214248,3.0830295751194674,2.7803988385141976,Healthy
0.06878421827242524,0.214248,3.1147842540196375,2.792347094587661,Healthy
0.073362523414609,0.2205064615384615,3.0057098812191496,2.8051923854195637,Healthy
0.0763096888919815,0.2205064615384615,2.8896260060841628,2.828552337122736,Healthy
0.0728323823758954,0.20861538461538462,2.864321855334887,2.7768210964083604,Healthy
0.07336298291426714,0.2261390769230769,3.082468404908586,2.892733977879161,Healthy
0.07363419557373627,0.2261390769230769,3.0711149237262236,2.8986922101305144,Healthy
0.07258004336219255,0.19797599999999999,2.7276919498663053,2.6321722869186246,Healthy
0.06933818494948504,0.18963138461538462,2.734876673704926,2.600872716918036,Healthy
0.07136801901713606,0.2157083076923077,3.022478564810862,2.7603366055868817,Healthy
0.07601682124151767,0.2369870769230769,3.117560995745019,3.052599137703317,Healthy
0.07523054754055113,0.2369870769230769,3.15014425217808,3.0507603287466516,Healthy
0.07334629621353292,0.21091015384615383,2.8755392532996016,2.6337212425501337,Healthy
0.0708317270732001,0.21091015384615383,2.97762263552026,2.4720203608200277,Healthy
0.07172221523428524,0.2303113846153846,3.211158270321931,2.736769748353138,Healthy
0.07033258109564096,0.2303113846153846,3.274604472459191,2.9129373597659196,Healthy
0.0718208240160744,0.22593046153846155,3.1457514534767173,2.9343692920664637,Healthy
0.07455154093915407,0.22593046153846155,3.0305270513839115,2.886020435093359,Healthy
0.07173328502490912,0.20819815384615384,2.9023925751324198,2.57837598183293,Healthy
0.07034967255240784,0.18545907692307692,2.636246484088706,2.4725984541374064,Healthy
0.07291031662198504,0.22780799999999998,3.124496100889347,2.999678763418816,Healthy
0.07272784463193328,0.22780799999999998,3.132335368288561,2.982654304914381,Healthy
0.06982662043159801,0.192552,2.7575729544096075,2.5820617726757717,Healthy
0.07417590286606385,0.24616615384615384,3.3186809237852515,2.7861007661159554,Healthy
0.07163822135145456,0.24616615384615384,3.436240448216483,2.9222124144596866,Healthy
0.06970803996374607,0.22113230769230768,3.172264028759304,2.936757304531131,Healthy
0.06948778595606211,0.24595753846153845,3.539579439429256,3.1885890190165553,Healthy
0.0698776019084393,0.24595753846153845,3.519833705567299,2.7741633682862936,Healthy
0.07356758758361846,0.19714153846153845,2.679733629126594,2.5047518184569673,Healthy
0.07173178090581937,0.200688,2.797755715329226,2.690603361859405,Healthy
0.07079707277280349,0.200688,2.8346934716359313,2.6683242916919845,Healthy
0.07153434187798673,0.18712800000000002,2.615918383916592,2.559953495390701,Healthy
0.07152104135819053,0.19380369230769232,2.7097437149591794,2.5710783300400197,Healthy
0.07083437824277469,0.2125790769230769,3.0010721092869983,2.7151186236282228,Healthy
0.07381823302720472,0.22572184615384616,3.057806139448765,2.7884594885955574,Healthy
0.07557267759496435,0.22572184615384616,2.986818164146757,2.6805361533836303,Healthy
0.07448677381034893,0.23281476923076924,3.125585353227136,2.5157609891635615,Healthy
0.0752780227748755,0.23281476923076924,3.0927322563587922,2.48204595068263,Healthy
0.07261314727799056,0.22864246153846152,3.1487749823476427,2.658308693563625,Healthy
0.07472560246194308,0.22864246153846152,3.0597606978800416,2.5869377569859746,Healthy
0.07463716277982445,0.2075723076923077,2.781085185467656,2.6530832152339965,Healthy
0.07243401563578215,0.2075723076923077,2.865674446879177,2.652198558603391,Healthy
0.07242420820850659,0.2209236923076923,3.0504122554113566,2.52392712609517,Healthy
0.07113891598789499,0.2209236923076923,3.1055251438647833,2.4862248001875136,Healthy
0.07433363676625802,0.254928,3.4295106642181463,2.5964062468960107,Healthy
0.07497951111733811,0.254928,3.399968820829654,2.7640226136214823,Healthy
0.07203910693411333,0.20715507692307691,2.8755919630228077,2.6112942933233025,Healthy
0.07405166237261451,0.20715507692307691,2.79743992620598,2.504727062656344,Healthy
0.07425310101427558,0.20027076923076922,2.6971367726752047,2.5763168437225286,Healthy
0.07254320440999647,0.2628553846153846,3.6234322257091125,2.875409279318153,Healthy
0.07682066941605552,0.2628553846153846,3.421675268042481,2.9001004231745053,Healthy
0.07902283029520403,0.23510953846153848,2.9752102978752393,2.6885631197366573,Healthy
0.0764513373810213,0.20465169230769228,2.676888322930713,2.5353505021710654,Healthy
0.07465223760302474,0.20402584615384614,2.73301715668305,2.483853411137266,Healthy
0.0729114447597192,0.24574892307692306,3.370512323364219,2.8675830950630696,Healthy
0.0754547893152719,0.24574892307692306,3.256902912419689,2.6586985068967985,Healthy
0.0740948251440196,0.20193969230769232,2.7254223478519326,2.4300281579970795,Healthy
0.07166752354406873,0.21862892307692305,3.0505996616792124,2.6436244849860264,Healthy
0.07451802982992432,0.2641070769230769,3.544203698431906,2.9190563917329233,Healthy
0.07166844985320707,0.2641070769230769,3.6851233348011148,3.0209398328080246,Healthy
0.06914728642865794,0.18921415384615384,2.7363930476342517,2.587535040391317,Healthy
0.07032403522776025,0.19380369230769232,2.755867061382575,2.5506598548192345,Healthy
0.06955805575941625,0.19380369230769232,2.7862149134531644,2.6429574867856402,Healthy
0.07201726991556512,0.1913003076923077,2.656311575217903,2.7245412379895124,Healthy
0.07361074006605092,0.19192615384615386,2.6073118362067613,2.668412011620353,Healthy
0.07289054501488586,0.21007569230769232,2.8820705382953333,2.699681856083856,Healthy
0.06783256372789673,0.21007569230769232,3.096974089765929,2.7500459771479355,Healthy
0.06860873884830927,0.20798953846153845,3.031531288184638,2.572856312113346,Healthy
0.07071786404904472,0.20798953846153845,2.9411173719456825,2.5613442929047223,Healthy
0.06965081437996731,0.2127876923076923,3.0550639529764556,2.6797164955847155,Healthy
0.07016293396688299,0.2127876923076923,3.0327650267323256,2.681966216550241,Healthy
0.07013333254905917,0.19818461538461538,2.8258262965898946,2.6429424152531973,Healthy
0.06971010150201719,0.19818461538461538,2.8429827401539582,2.633763573882518,Healthy
0.06983991337518775,0.21800307692307694,3.12146831786489,2.6522094404028485,Healthy
0.07115425921192041,0.21800307692307694,3.0638092411839075,2.6417294188110607,Healthy
0.07262611271529296,0.23761292307692305,3.2717285036087116,2.6285479252990283,Healthy
0.07371450838629326,0.23761292307692305,3.2234213898807695,2.654137494162882,Healthy
0.07260100526672596,0.21237046153846154,2.9251724650126003,2.7294402518488994,Healthy
0.07169946632708721,0.2207150769230769,3.078336398156612,2.806599707892471,Healthy
0.07144820895132162,0.2207150769230769,3.0891617881345677,2.7868440866214215,Healthy
0.07041230307182025,0.21195323076923075,3.0101732441990903,2.737869772255742,Healthy
0.07036306408972448,0.2355267692307692,3.3473068900244853,2.7305947833414104,Healthy
0.06916843583047856,0.2355267692307692,3.405119205066454,2.80707081723374,Healthy
0.07114337230960753,0.22530461538461538,3.1669094122234798,2.863663332967303,Healthy
0.0747315381211516,0.24866953846153847,3.327504621387639,2.9749829307186904,Healthy
0.0738785784632336,0.24866953846153847,3.365922079636268,3.091528177141066,Healthy
0.07213573053453472,0.23531815384615382,3.2621580470928495,2.8705461032466975,Healthy
0.07117144635092672,0.2194633846153846,3.0835875321863115,2.9123772290909904,Healthy
0.07029062846382529,0.2194633846153846,3.1222282317240952,2.9595169972363813,Healthy
0.07269156852508195,0.24199384615384617,3.3290497242516803,2.914050704637005,Healthy
0.07619313658060062,0.24199384615384617,3.1760583303701364,2.7242880200892543,Healthy
0.07621430960961062,0.222384,2.917877248237349,2.6893910696162995,Healthy
0.07502474129001135,0.222384,2.9641421773167482,2.923438996697801,Healthy
0.07687184940911562,0.235944,3.0693160345901767,2.825635767597247,Healthy
0.0740983866660773,0.235944,3.1841988822681966,2.678310150724674,Healthy
0.06822419595587276,0.19839323076923077,2.90795996918089,2.5446717270228683,Healthy
0.06811901673766664,0.20339999999999997,2.985950322555511,2.757779550574769,Healthy
0.07325058397776141,0.2371956923076923,3.238140632158018,3.1169180660336995,Healthy
0.07289699079073252,0.2371956923076923,3.2538475146198667,3.141062725415833,Healthy
0.07146775083994675,0.20944984615384615,2.9306903280461793,2.7988333412437694,Healthy
0.0732162958822434,0.2127876923076923,2.9062886853758205,2.6749806445384263,Healthy
0.07262590323112224,0.2205064615384615,3.0361957886668773,2.8227036759392057,Healthy
0.07356312380596568,0.2205064615384615,2.997513565629459,2.757626351863496,Healthy
0.07366780252141501,0.21132738461538458,2.868653297401566,2.784380178882877,Healthy
0.0778684875359997,0.21132738461538458,2.713901236590539,2.676342258122552,Healthy
0.0781964637172008,0.21028430769230766,2.689179250519632,2.5112176686602767,Healthy
0.07275446210074836,0.20256553846153844,2.784235256677883,2.454850841886245,Healthy
0.0714392112066686,0.19818461538461538,2.7741713834336896,2.404746203435063,Healthy
0.07222478856752158,0.20527753846153846,2.8422033838095406,2.5601706507369713,Healthy
0.07420886985638823,0.20527753846153846,2.7662129723683866,2.6456868642400284,Healthy
0.07586231150533228,0.19547261538461536,2.57667623759231,2.5626311834628144,Healthy
0.0762929364961941,0.24595753846153845,3.223857276404718,2.613668815946117,Healthy
0.0720315854795798,0.24595753846153845,3.4145789909242636,2.83191385530859,Healthy
0.07252543449695635,0.2205064615384615,3.0404017992848487,2.686263251455494,Healthy
0.07417898674137309,0.2205064615384615,2.9726270366466836,2.5641150364114096,Healthy
0.07375808923337226,0.19839323076923077,2.6897826778227687,2.5069446847637455,Healthy
0.07649913258783786,0.19839323076923077,2.593404971506463,2.4760523434534094,Healthy
0.0753254808460476,0.19463815384615382,2.58396165095794,2.5349096684068266,Healthy
0.07483687376407197,0.19213476923076922,2.567381019101444,2.4392059261410353,Healthy
0.07470865189828532,0.1940123076923077,2.5969188676627772,2.4496406688470396,Healthy
0.0736290831907253,0.1942209230769231,2.637828893968738,2.6149490738370953,Healthy
0.07676450306099286,0.22676492307692306,2.9540336227637414,2.661705443842383,Healthy
0.07553399556233215,0.22676492307692306,3.002157126585369,2.6264265825123383,Healthy
0.07124673249618343,0.200688,2.8168028619523082,2.4889834884177904,Healthy
0.07127647548527381,0.2507556923076923,3.5180708726191163,2.7853824594487726,Healthy
0.07398017617036569,0.2507556923076923,3.3894984479387835,2.697049734430922,Healthy
0.07364104067092483,0.21487384615384614,2.9178545576785044,2.5902744014747805,Healthy
0.07608813349213944,0.21487384615384614,2.8240125797808466,2.680833839841352,Healthy
0.07858753986019734,0.2561796923076923,3.2598003801037803,2.664269722915282,Healthy
0.07604169630261058,0.2561796923076923,3.3689371064029956,2.812893685933829,Healthy
0.07592418566167282,0.21174461538461536,2.7888954427272292,2.695589354886401,Healthy
0.07301382693723074,0.2075723076923077,2.8429177924169835,2.568431792098915,Healthy
0.0759759824474292,0.20506892307692307,2.6991282833205665,2.496386625923273,Healthy
0.0783709032609068,0.23656984615384613,3.0185928234905592,2.604694696267405,Healthy
0.07920979273774455,0.26535876923076923,3.3500752881571696,2.7971997567176343,Healthy
0.07863151793424084,0.26535876923076923,3.37471253515273,2.7727267178261465,Healthy
0.074179792708104,0.2090326153846154,2.8179185699150517,2.637260354892346,Healthy
0.07484948695621448,0.2090326153846154,2.7927060543099715,2.496268693032894,Healthy
0.07689353477672647,0.238656,3.1037199771473443,2.6153264714056554,Healthy
0.08095113447257356,0.238656,2.948148924100097,2.6349052501381727,Healthy
0.07584553704111188,0.20632061538461538,2.720273643428483,2.6602270601404916,Healthy
0.07500202093614253,0.23531815384615382,3.1374908423668484,2.75059597240866,Healthy
0.07700928654048828,0.23531815384615382,3.0557113877744255,2.5643173544063105,Healthy
0.07233666265515161,0.19693292307692306,2.7224496658873445,2.485358471026417,Healthy
0.07721086252238049,0.24574892307692306,3.182828361821367,2.7913862633993665,Healthy
0.07805167863211152,0.24574892307692306,3.148541163800398,2.7085162086729846,Healthy
0.07581162752005009,0.21091015384615383,2.7820290995648906,2.4739863079537376,Healthy
0.07405051364935941,0.23135446153846154,3.1242789568477614,2.7771696544415074,Healthy
0.07358976540483693,0.23135446153846154,3.143840183016197,2.787201219444033,Healthy
0.07679911175471918,0.23844738461538462,3.1048195632384044,2.6554854696980312,Healthy
0.07628828752375104,0.23844738461538462,3.125609347845803,2.71154077193657,Healthy
0.07631971219090906,0.22634769230769228,2.9657828339485537,2.761401953667725,Healthy
0.07406035496821167,0.22634769230769228,3.0562598897189415,2.870892282541406,Healthy
0.07273724714001875,0.20715507692307691,2.8479917108260184,2.644734087824234,Healthy
0.07259344461074631,0.20339999999999997,2.801905889583449,2.551175655313817,Healthy
0.07441984362129013,0.23615261538461538,3.173247938901292,2.7891460380943234,Healthy
0.07711111620450922,0.23615261538461538,3.062497691750517,2.9113432021883785,Healthy
0.07451301848514826,0.23677846153846152,3.1776791002723317,2.974492615314293,Healthy
0.07451900052151585,0.23677846153846152,3.1774240110761625,2.8723968551467074,Healthy
0.07431981318206339,0.22822523076923076,3.070853127821256,2.9459751098095452,Healthy
0.07198623822375098,0.22822523076923076,3.1704008488379465,3.020352746600905,Healthy
0.07378123639522803,0.1948467692307692,2.6408715650551415,2.8532727076242512,Healthy
0.0760179705463473,0.24428861538461538,3.2135640247811583,2.9809100029956896,Healthy
0.07900818337524644,0.24428861538461538,3.0919406692896056,2.9870217636250374,Healthy
0.07717787219445064,0.25847446153846154,3.349074730736704,2.9579103480709574,Healthy
0.0724003792370335,0.25847446153846154,3.570070547451626,2.9647483727274846,Healthy
0.0710054946810848,0.2355267692307692,3.3170217359743477,2.8383687337743773,Healthy
0.07334855661335138,0.2453316923076923,3.344737833096438,2.8638895817114043,Healthy
0.07700414579089597,0.2453316923076923,3.185954337755894,2.9924895217762226,Healthy
0.07697538319259825,0.23052,2.9947236433136224,2.974552778415807,Healthy
0.07757150073305723,0.23052,2.971709942718222,2.7652356679504395,Healthy
0.07401283245482367,0.20360861538461536,2.750990721898058,2.7093429972137124,Healthy
0.07421499857718199,0.2090326153846154,2.8165818148905037,2.5779271487277486,Healthy
0.07185072710371183,0.2090326153846154,2.9092623528066803,2.6852171423144844,Healthy
0.07331004341093152,0.20027076923076922,2.7318326372850867,2.6557624434509637,Healthy
0.0745982730040498,0.22426153846153846,3.0062564377242853,2.7147193010966983,Healthy
0.07740544368222516,0.22426153846153846,2.8972321298513055,2.871321487812752,Healthy
0.08083748934005966,0.2436627692307692,3.0142297988220697,2.7389109968694583,Healthy
0.07341293059585427,0.2436627692307692,3.3190715484736306,2.7926286838301193,Healthy
0.07486249527158631,0.20986707692307693,2.8033673759032576,2.774129650817156,Healthy
0.07582271179708716,0.20465169230769228,2.699081679581319,2.776939145874459,Healthy
0.0741732743203548,0.21862892307692305,2.94754310201628,2.5757088958884737,Healthy
0.07332171632701925,0.21862892307692305,2.9817758507155636,2.595595923998455,Healthy
0.06835354281050439,0.22008923076923076,3.21986574096651,2.9526548044040157,Healthy
0.07350465088910357,0.25951753846153847,3.5306274544868246,3.37981058273758,Healthy
0.07610747707596566,0.25951753846153847,3.4098822932010284,3.047796911591774,Healthy
0.07407130349330088,0.2157083076923077,2.9121710773162874,2.8223147151915673,Healthy
0.07525398299850271,0.2290596923076923,3.0438215119092074,2.7497796351135966,Healthy
0.07247592177521021,0.2290596923076923,3.160493674273492,2.4487059325530116,Healthy
0.06974341297148261,0.23010276923076922,3.299276009404013,2.8177401544552,Healthy
0.07411229779501058,0.233232,3.147008080158348,3.0487103903937642,Healthy
0.07638227536477991,0.233232,3.0534832706429684,2.8660118729013093,Healthy
0.07596608805010906,0.21070153846153844,2.773626283382588,2.6997101651495403,Healthy
0.07334211689865097,0.21320492307692307,2.9069916726230285,2.546504010533174,Healthy
0.0682604000693134,0.21320492307692307,3.123405706096495,2.651859547063122,Healthy
0.07310002818434444,0.25534523076923077,3.4930934653718384,2.97899647331336,Healthy
0.07508328529463625,0.25534523076923077,3.4008265590300693,2.8609550777243915,Healthy
0.07306607620345432,0.2090326153846154,2.8608709574407536,2.6785126903011194,Healthy
0.07324952963675385,0.2090326153846154,2.8537059066619688,2.7002439391919673,Healthy
0.06996492584956514,0.19672430769230767,2.8117561092724346,2.7937309690831014,Healthy
0.07418962738807268,0.27328615384615385,3.683616746268893,3.2381774724615484,Healthy
0.07514954111847048,0.27328615384615385,3.6365645056345492,3.075153203152347,Healthy
0.07472720817695448,0.21237046153846154,2.8419429377793293,2.626448189047326,Healthy
0.07974257335745512,0.22718215384615387,2.848944350313152,2.808314693221509,Healthy
0.07871236060913035,0.22718215384615387,2.8862322523179613,2.791513406254753,Healthy
0.07485092067309171,0.20944984615384615,2.7982267187949454,2.6287301488897525,Healthy
0.07168535485287414,0.20944984615384615,2.9217940900720603,2.697264175588234,Healthy
0.07370609581919212,0.22196676923076922,3.011511690637831,2.7934043946102145,Healthy
0.07788429220686453,0.25847446153846154,3.3186982151926165,2.9519429696556334,Healthy
0.07564485874742492,0.25847446153846154,3.4169468463348864,2.8859222874283654,Healthy
0.07419931095424494,0.21466523076923077,2.893089275473249,2.7414317202797926,Healthy
0.07430618128025077,0.19839323076923077,2.669942491338336,2.7754097788970276,Healthy
0.07508679220398864,0.21654276923076923,2.8838995897239355,2.7373375630118466,Healthy
0.0754886333262473,0.23093723076923076,3.0592318418478266,2.8480576144749232,Healthy
0.07470337152048317,0.23093723076923076,3.0913896664745484,2.791032313211094,Healthy
0.07190262463904522,0.21821169230769227,3.0348223504096814,2.634499015938485,Healthy
0.07349332605964859,0.20402584615384614,2.776113928879132,2.463173658753351,Healthy
0.07579306471054774,0.20402584615384614,2.6918801467260485,2.5171776004980426,Healthy
0.07428439774466647,0.22447015384615385,3.021767163243516,2.7416345020391724,Healthy
0.0758500180692329,0.22447015384615385,2.9593948631794174,2.776494730681666,Healthy
0.07429919391544389,0.222384,2.9930876538591233,2.727972076457195,Healthy
0.07329046499832384,0.208824,2.8492655900706296,2.581648838946294,Healthy
0.0742630878768802,0.241368,3.2501745739439336,2.683521016404733,Healthy
0.07738348653083352,0.2572227692307692,3.3240007753886687,2.7525829988231783,Healthy
0.07878991004275436,0.2572227692307692,3.2646663651626264,2.7529101402412857,Healthy
0.07422083385511218,0.24741784615384615,3.3335363307401664,2.7134503423545016,Healthy
0.0763863600363156,0.20381723076923075,2.6682411712291563,2.441061792407432,Healthy
0.07818682341475713,0.21007569230769232,2.6868426562530257,2.528744994679508,Healthy
0.07704999751190224,0.21237046153846154,2.756268246545443,2.7166605616543262,Healthy
0.07717224617594073,0.2561796923076923,3.319583205128465,2.7431774979504686,Healthy
0.07624634578197112,0.2561796923076923,3.359894689776299,2.7032956534074937,Healthy
0.07360981430320569,0.21716861538461538,2.9502671272892713,2.5077382975814486,Healthy
0.07530705296407478,0.25972615384615383,3.448895470256367,2.7057387394193384,Healthy
0.07625803578082965,0.25972615384615383,3.4058857035424173,2.7958536932151272,Healthy
0.07507041862294614,0.21967199999999998,2.9262125352376107,2.626023119041851,Healthy
0.07911763650281894,0.24512307692307692,3.0982103075632605,2.788374194440815,Healthy
0.07893843906488443,0.24512307692307692,3.105243526814547,2.812234219672827,Healthy
0.07762323224464461,0.23615261538461538,3.0422929908449934,2.66785926289188,Healthy
0.07633314557176635,0.23615261538461538,3.0937099947308093,2.654870713445647,Healthy
0.07479183425751945,0.22426153846153846,2.9984762466096564,2.5345049782670337,Healthy
0.07698287058611225,0.2154996923076923,2.799320039211016,2.648449848768813,Healthy
0.07323255065131243,0.2154996923076923,2.942676315259958,2.726716114108658,Healthy
0.07607491141945152,0.22655630769230767,2.978068636099387,2.5363399550945678,Healthy
0.07793969092198123,0.24053353846153847,3.0861495037530497,2.6580135781735357,Healthy
0.0745433605211715,0.24866953846153847,3.335904589261338,2.94854992564937,Healthy
0.07546851168953428,0.24866953846153847,3.2950105003332553,2.66716524581788,Healthy
0.07386388657925881,0.22947692307692308,3.106753972804903,2.571297377560792,Healthy
0.0736123989211748,0.22947692307692308,3.117367813575132,2.8122337557236246,Healthy
0.07195654063861029,0.22280123076923075,3.096330490486094,2.8221594627304194,Healthy
0.0712318992394501,0.20235692307692305,2.8408188639852026,2.8023569325756386,Healthy
0.07719116116529705,0.23260615384615385,3.0133780906346432,2.759702755744601,Healthy
0.07668114004864097,0.23260615384615385,3.0334206520482785,2.871752996413821,Healthy
0.07391429432940215,0.2225926153846154,3.0114961849276685,2.8368608066130636,Healthy
0.07496152287624103,0.2225926153846154,2.9694249375390673,2.7316124702405165,Healthy
0.07216679493569662,0.23677846153846152,3.2809890164782876,2.792312884783305,Healthy
0.07045791619061542,0.23677846153846152,3.360565772309897,2.716655539722607,Healthy
0.07512042833376946,0.24011630769230768,3.1964182449205545,2.790041462253172,Healthy
0.07453997473792444,0.24011630769230768,3.2213092174572653,2.750386777568333,Healthy
0.07250041573995471,0.20506892307692307,2.8285206503155313,2.6211671091118167,Healthy
0.07181122551025525,0.20506892307692307,2.8556666679868523,2.7117954676422715,Healthy
0.07310013410762918,0.20402584615384614,2.7910461265836823,2.66204591478166,Healthy
0.07690099547628772,0.23364923076923078,3.0383121742718675,2.630154271981587,Healthy
0.07566510819644132,0.2605606153846154,3.443603288164862,2.989400628893095,Healthy
0.0725980556829575,0.2605606153846154,3.589085312732175,3.168296427101911,Healthy
0.07427376164168076,0.23135446153846154,3.1148881707996146,2.9056850293824366,Healthy
0.0779116854263039,0.21737723076923077,2.7900465710608495,2.5900497940967613,Healthy
0.07603616698866432,0.22342707692307692,2.938431614476122,2.7768945176070465,Healthy
0.07457597662950673,0.23448369230769228,3.14422556572885,3.018906077393615,Healthy
0.07609523206428816,0.23448369230769228,3.0814505186026833,2.727567385533365,Healthy
0.07166336297544605,0.21341353846153846,2.97800060729302,2.8061726070509376,Healthy
0.07222350834929518,0.24741784615384615,3.425724557124213,2.9186224762549564,Healthy
0.072893778546611,0.24741784615384615,3.3942244603994287,2.9161260370815043,Healthy
0.07002061644333993,0.22342707692307692,3.1908756059563137,3.0038799093432487,Healthy
0.0715074036277835,0.22342707692307692,3.1245306861661315,2.800010195724101,Healthy
0.07415146029972236,0.22801661538461537,3.075011799672799,2.802515793809802,Healthy
0.0743899984538992,0.22801661538461537,3.0651515005195398,3.036578678226842,Healthy
0.07422212897391899,0.22989415384615383,3.0973802156353756,3.0278629521679354,Healthy
0.07457786761878941,0.22989415384615383,3.0826056199578638,2.793528714710487,Healthy
0.07218798585943927,0.20715507692307691,2.869661404966176,2.580086219645624,Healthy
0.07463990690901556,0.2290596923076923,3.0688635850914325,2.6423107893945086,Healthy
0.07148874642607463,0.2438713846153846,3.411325513555733,3.142411293768971,Healthy
0.06898668342371264,0.2438713846153846,3.535050135944921,2.9939202324990983,Healthy
0.0727775514858497,0.21216184615384615,2.9152100039405315,2.636411744512851,Healthy
0.07185309739203558,0.21529107692307692,2.9962671720111604,2.7665626811420703,Healthy
0.07118070187123014,0.21529107692307692,3.024570863498234,2.764139117296308,Healthy
0.0709861880226314,0.20152246153846154,2.838896793193252,2.7068722616580225,Healthy
0.07317281016964619,0.24303692307692307,3.3214102685609377,2.7999525002180423,Healthy
0.07478161684023213,0.24303692307692307,3.2499554482241475,2.947984278545815,Healthy
0.07373668505445817,0.20965846153846154,2.8433399383714963,2.638594576508658,Healthy
0.07297338247956493,0.19755876923076923,2.70727164505623,2.5374078367265174,Healthy
0.07302988517331095,0.22467876923076924,3.0765318704469076,2.928526910010761,Healthy
0.07666814938480881,0.22467876923076924,2.9305359661555563,2.809804064788839,Healthy
0.07278245859058957,0.21654276923076923,2.9752054742867284,2.6922114753336546,Healthy
0.07244138616759813,0.21654276923076923,2.9892134964091195,2.5211377906906853,Healthy
0.07207768763757698,0.20339999999999997,2.821955124625272,2.5946129785729815,Healthy
0.07317314670481904,0.20339999999999997,2.779708255823915,2.682867840192656,Healthy
0.07673904186478488,0.2021483076923077,2.6342302793993113,2.543166828795157,Healthy
0.07664051067953784,0.2021483076923077,2.637616919563129,2.426773451215584,Healthy
0.07655942861200961,0.2056947692307692,2.6867333385309853,2.3689897354051457,Healthy
